{
  "type": "minecraft:ore",
  "config": {
    "discard_chance_on_air_exposure": 0.0,
    "size": 0,
    "targets": [
      {
        "state": {
          "Name": "jeg:blackstone_brimstone_ore"
        },
        "target": {
          "block": "minecraft:blackstone",
          "predicate_type": "minecraft:block_match"
        }
      },
      {
        "state": {
          "Name": "jeg:basalt_brimstone_ore"
        },
        "target": {
          "block": "minecraft:basalt",
          "predicate_type": "minecraft:block_match"
        }
      }
    ]
  }
}